EoS,rhoc,M,R,Lambda
branch-MPA1_lal-0.csv,1.48543434343e+15,2.468175802187648,11.3600432,3.07238743197
